,cell_type,count,percentage
0,CD68,20,17.094017094017094
1,T-Killer,0,0.0
2,T-Reg,11,9.401709401709402
3,T-Helper,86,73.50427350427351
