,cell_type,count,percentage,region
0,CD68,4,3.1746031746031744,region5
1,T-Killer,15,11.904761904761903,region5
2,T-Reg,25,19.841269841269842,region5
3,T-Helper,82,65.07936507936508,region5
