,cell_type,count,percentage
0,CD68,2,1.4084507042253522
1,T-Killer,16,11.267605633802818
2,T-Reg,4,2.8169014084507045
3,T-Helper,120,84.50704225352112
