,cell_type,count,percentage,region
0,CD68,19,31.147540983606557,region10
1,T-Killer,0,0.0,region10
2,T-Reg,10,16.39344262295082,region10
3,T-Helper,32,52.459016393442624,region10
