,cell_type,count,percentage,region,layer
0,CD68,19,31.147540983606557,10,10
1,T-Killer,0,0.0,10,10
2,T-Reg,10,16.39344262295082,10,10
3,T-Helper,32,52.459016393442624,10,10
