,cell_type,count,percentage,region,layer
0,CD68,3,10.714285714285714,1,20
1,T-Killer,3,10.714285714285714,1,20
2,T-Reg,0,0.0,1,20
3,T-Helper,22,78.57142857142857,1,20
