,cell_type,count,percentage
0,CD68,5,4.854368932038835
1,T-Killer,2,1.9417475728155338
2,T-Reg,6,5.825242718446602
3,T-Helper,90,87.37864077669903
