,cell_type,count,percentage
0,CD68,2,1.3986013986013985
1,T-Killer,14,9.79020979020979
2,T-Reg,0,0.0
3,T-Helper,127,88.81118881118881
