,cell_type,count,percentage,region
0,CD68,1,0.7874015748031495,region3
1,T-Killer,9,7.086614173228346,region3
2,T-Reg,26,20.47244094488189,region3
3,T-Helper,91,71.65354330708661,region3
