,cell_type,count,percentage
0,CD68,18,9.89010989010989
1,T-Killer,0,0.0
2,T-Reg,0,0.0
3,T-Helper,164,90.10989010989012
