,cell_type,count,percentage,region,layer
0,CD68,1,0.819672131147541,9,23
1,T-Killer,0,0.0,9,23
2,T-Reg,0,0.0,9,23
3,T-Helper,121,99.18032786885246,9,23
