,cell_type,count,percentage,region
0,CD68,2,16.666666666666664,2
1,T-Killer,0,0.0,2
2,T-Reg,10,83.33333333333334,2
3,T-Helper,0,0.0,2
