,cell_type,count,percentage
0,CD68,6,4.878048780487805
1,T-Killer,3,2.4390243902439024
2,T-Reg,30,24.390243902439025
3,T-Helper,84,68.29268292682927
