,cell_type,count,percentage,region,layer
0,CD68,6,16.216216216216218,10,23
1,T-Killer,0,0.0,10,23
2,T-Reg,0,0.0,10,23
3,T-Helper,31,83.78378378378379,10,23
