,cell_type,count,percentage,region
0,CD68,25,16.025641025641026,region9
1,T-Killer,2,1.282051282051282,region9
2,T-Reg,4,2.564102564102564,region9
3,T-Helper,125,80.12820512820514,region9
