,cell_type,count,percentage,region
0,CD68,4,66.66666666666666,8
1,T-Killer,0,0.0,8
2,T-Reg,1,16.666666666666664,8
3,T-Helper,1,16.666666666666664,8
