,cell_type,count,percentage
0,CD68,1,0.8403361344537815
1,T-Killer,2,1.680672268907563
2,T-Reg,35,29.411764705882355
3,T-Helper,81,68.0672268907563
