,cell_type,count,percentage
0,CD68,1,0.7246376811594203
1,T-Killer,0,0.0
2,T-Reg,0,0.0
3,T-Helper,137,99.27536231884058
