,cell_type,count,percentage,region
0,CD68,14,20.28985507246377,2
1,T-Killer,0,0.0,2
2,T-Reg,0,0.0,2
3,T-Helper,55,79.71014492753623,2
