,cell_type,count,percentage,region
0,CD68,2,3.7735849056603774,9
1,T-Killer,0,0.0,9
2,T-Reg,0,0.0,9
3,T-Helper,51,96.22641509433963,9
