,cell_type,count,percentage,region
0,CD68,7,10.294117647058822,region1
1,T-Killer,0,0.0,region1
2,T-Reg,12,17.647058823529413,region1
3,T-Helper,49,72.05882352941177,region1
