,cell_type,count,percentage
0,CD68,1,1.7241379310344827
1,T-Killer,0,0.0
2,T-Reg,0,0.0
3,T-Helper,57,98.27586206896551
