,cell_type,count,percentage
0,CD68,5,17.24137931034483
1,T-Killer,1,3.4482758620689653
2,T-Reg,1,3.4482758620689653
3,T-Helper,22,75.86206896551724
