,cell_type,count,percentage
0,CD68,1,0.2583979328165375
1,T-Killer,0,0.0
2,T-Reg,277,71.57622739018088
3,T-Helper,109,28.165374677002585
