,cell_type,count,percentage,region
0,CD68,5,5.813953488372093,10
1,T-Killer,5,5.813953488372093,10
2,T-Reg,0,0.0,10
3,T-Helper,76,88.37209302325581,10
