,cell_type,count,percentage
0,CD68,1,1.1494252873563218
1,T-Killer,0,0.0
2,T-Reg,0,0.0
3,T-Helper,86,98.85057471264368
