,cell_type,count,percentage
0,CD68,9,11.538461538461538
1,T-Killer,0,0.0
2,T-Reg,0,0.0
3,T-Helper,69,88.46153846153845
