,cell_type,count,percentage
0,CD68,2,1.550387596899225
1,T-Killer,0,0.0
2,T-Reg,0,0.0
3,T-Helper,127,98.44961240310077
