,cell_type,count,percentage,region
0,CD68,1,0.8130081300813009,5
1,T-Killer,0,0.0,5
2,T-Reg,0,0.0,5
3,T-Helper,122,99.1869918699187,5
