,cell_type,count,percentage
0,CD68,1,2.127659574468085
1,T-Killer,0,0.0
2,T-Reg,0,0.0
3,T-Helper,46,97.87234042553192
