,cell_type,count,percentage
0,CD68,4,7.142857142857142
1,T-Killer,0,0.0
2,T-Reg,0,0.0
3,T-Helper,52,92.85714285714286
