,cell_type,count,percentage
0,CD68,2,2.4390243902439024
1,T-Killer,0,0.0
2,T-Reg,0,0.0
3,T-Helper,80,97.5609756097561
