,cell_type,count,percentage
0,CD68,6,10.16949152542373
1,T-Killer,2,3.389830508474576
2,T-Reg,3,5.084745762711865
3,T-Helper,48,81.35593220338984
