,cell_type,count,percentage
0,CD68,18,94.73684210526315
1,T-Killer,0,0.0
2,T-Reg,0,0.0
3,T-Helper,1,5.263157894736842
