,cell_type,count,percentage,region,layer
0,CD68,1,9.090909090909092,4,5
1,T-Killer,0,0.0,4,5
2,T-Reg,2,18.181818181818183,4,5
3,T-Helper,8,72.72727272727273,4,5
