,cell_type,count,percentage,region,layer
0,CD68,20,17.094017094017094,1,9
1,T-Killer,0,0.0,1,9
2,T-Reg,11,9.401709401709402,1,9
3,T-Helper,86,73.50427350427351,1,9
