,cell_type,count,percentage,region
0,CD68,1,2.631578947368421,region10
1,T-Killer,0,0.0,region10
2,T-Reg,4,10.526315789473683,region10
3,T-Helper,33,86.8421052631579,region10
