,cell_type,count,percentage,region
0,CD68,1,3.7037037037037033,9
1,T-Killer,0,0.0,9
2,T-Reg,0,0.0,9
3,T-Helper,26,96.29629629629629,9
