,cell_type,count,percentage,region,layer
0,CD68,32,21.333333333333336,4,7
1,T-Killer,0,0.0,4,7
2,T-Reg,0,0.0,4,7
3,T-Helper,118,78.66666666666666,4,7
