,cell_type,count,percentage,region,layer
0,CD68,4,9.75609756097561,11,22
1,T-Killer,0,0.0,11,22
2,T-Reg,0,0.0,11,22
3,T-Helper,37,90.2439024390244,11,22
