,cell_type,count,percentage,region,layer
0,CD68,4,7.142857142857142,11,13
1,T-Killer,0,0.0,11,13
2,T-Reg,0,0.0,11,13
3,T-Helper,52,92.85714285714286,11,13
