,cell_type,count,percentage
0,CD68,2,3.571428571428571
1,T-Killer,0,0.0
2,T-Reg,16,28.57142857142857
3,T-Helper,38,67.85714285714286
