,cell_type,count,percentage
0,CD68,1,1.4084507042253522
1,T-Killer,0,0.0
2,T-Reg,0,0.0
3,T-Helper,70,98.59154929577466
