,cell_type,count,percentage
0,CD68,1,2.0408163265306123
1,T-Killer,0,0.0
2,T-Reg,0,0.0
3,T-Helper,48,97.95918367346938
