,cell_type,count,percentage
0,CD68,3,3.4482758620689653
1,T-Killer,21,24.137931034482758
2,T-Reg,24,27.586206896551722
3,T-Helper,39,44.827586206896555
