,cell_type,count,percentage
0,CD68,3,0.9966777408637874
1,T-Killer,0,0.0
2,T-Reg,0,0.0
3,T-Helper,298,99.00332225913621
