,cell_type,count,percentage,region,layer
0,CD68,4,66.66666666666666,8,4
1,T-Killer,0,0.0,8,4
2,T-Reg,1,16.666666666666664,8,4
3,T-Helper,1,16.666666666666664,8,4
