,cell_type,count,percentage
0,CD68,1,2.272727272727273
1,T-Killer,0,0.0
2,T-Reg,0,0.0
3,T-Helper,43,97.72727272727273
