,cell_type,count,percentage,region,layer
0,CD68,1,1.1494252873563218,8,17
1,T-Killer,0,0.0,8,17
2,T-Reg,0,0.0,8,17
3,T-Helper,86,98.85057471264368,8,17
