,cell_type,count,percentage,region,layer
0,CD68,1,0.7246376811594203,4,22
1,T-Killer,0,0.0,4,22
2,T-Reg,0,0.0,4,22
3,T-Helper,137,99.27536231884058,4,22
