,cell_type,count,percentage
0,CD68,6,4.724409448818897
1,T-Killer,8,6.299212598425196
2,T-Reg,16,12.598425196850393
3,T-Helper,97,76.37795275590551
