,cell_type,count,percentage
0,CD68,5,7.6923076923076925
1,T-Killer,2,3.076923076923077
2,T-Reg,3,4.615384615384616
3,T-Helper,55,84.61538461538461
