,cell_type,count,percentage
0,CD68,7,6.086956521739131
1,T-Killer,18,15.65217391304348
2,T-Reg,0,0.0
3,T-Helper,90,78.26086956521739
