,cell_type,count,percentage,region
0,CD68,3,3.4482758620689653,region11
1,T-Killer,21,24.137931034482758,region11
2,T-Reg,24,27.586206896551722,region11
3,T-Helper,39,44.827586206896555,region11
