,cell_type,count,percentage
0,CD68,1,1.282051282051282
1,T-Killer,3,3.8461538461538463
2,T-Reg,0,0.0
3,T-Helper,74,94.87179487179486
