,cell_type,count,percentage
0,CD68,9,5.389221556886228
1,T-Killer,0,0.0
2,T-Reg,93,55.688622754491014
3,T-Helper,65,38.92215568862276
