,cell_type,count,percentage,region
0,CD68,3,2.2222222222222223,11
1,T-Killer,0,0.0,11
2,T-Reg,0,0.0,11
3,T-Helper,132,97.77777777777777,11
