,cell_type,count,percentage,region,layer
0,CD68,4,66.66666666666666,11,20
1,T-Killer,0,0.0,11,20
2,T-Reg,0,0.0,11,20
3,T-Helper,2,33.33333333333333,11,20
