,cell_type,count,percentage,region,layer
0,CD68,2,2.247191011235955,1,3
1,T-Killer,0,0.0,1,3
2,T-Reg,21,23.595505617977526,1,3
3,T-Helper,66,74.15730337078652,1,3
