,cell_type,count,percentage,region
0,CD68,1,1.8181818181818181,3
1,T-Killer,0,0.0,3
2,T-Reg,0,0.0,3
3,T-Helper,54,98.18181818181819,3
