,cell_type,count,percentage
0,CD68,1,0.7751937984496124
1,T-Killer,0,0.0
2,T-Reg,33,25.581395348837212
3,T-Helper,95,73.64341085271317
