,cell_type,count,percentage,region
0,CD68,1,1.6129032258064515,7
1,T-Killer,0,0.0,7
2,T-Reg,0,0.0,7
3,T-Helper,61,98.38709677419355,7
