,cell_type,count,percentage,region,layer
0,CD68,1,2.3255813953488373,7,18
1,T-Killer,0,0.0,7,18
2,T-Reg,0,0.0,7,18
3,T-Helper,42,97.67441860465115,7,18
