,cell_type,count,percentage
0,CD68,4,5.970149253731343
1,T-Killer,0,0.0
2,T-Reg,0,0.0
3,T-Helper,63,94.02985074626866
