,cell_type,count,percentage
0,CD68,5,9.433962264150944
1,T-Killer,2,3.7735849056603774
2,T-Reg,0,0.0
3,T-Helper,46,86.79245283018868
