,cell_type,count,percentage,region
0,CD68,104,96.29629629629629,region9
1,T-Killer,0,0.0,region9
2,T-Reg,1,0.9259259259259258,region9
3,T-Helper,3,2.7777777777777777,region9
