,cell_type,count,percentage,region,layer
0,CD68,7,31.818181818181817,1,4
1,T-Killer,0,0.0,1,4
2,T-Reg,2,9.090909090909092,1,4
3,T-Helper,13,59.09090909090909,1,4
