,cell_type,count,percentage
0,CD68,7,5.64516129032258
1,T-Killer,8,6.451612903225806
2,T-Reg,0,0.0
3,T-Helper,109,87.90322580645162
