,cell_type,count,percentage
0,CD68,37,27.819548872180448
1,T-Killer,6,4.511278195488721
2,T-Reg,0,0.0
3,T-Helper,90,67.66917293233082
