,cell_type,count,percentage,region
0,CD68,5,7.6923076923076925,region8
1,T-Killer,2,3.076923076923077,region8
2,T-Reg,3,4.615384615384616,region8
3,T-Helper,55,84.61538461538461,region8
