,cell_type,count,percentage
0,CD68,47,55.952380952380956
1,T-Killer,0,0.0
2,T-Reg,0,0.0
3,T-Helper,37,44.047619047619044
