,cell_type,count,percentage,region,layer
0,CD68,1,1.6129032258064515,7,23
1,T-Killer,0,0.0,7,23
2,T-Reg,0,0.0,7,23
3,T-Helper,61,98.38709677419355,7,23
