,cell_type,count,percentage
0,CD68,1,2.631578947368421
1,T-Killer,0,0.0
2,T-Reg,4,10.526315789473683
3,T-Helper,33,86.8421052631579
