,cell_type,count,percentage
0,CD68,14,20.28985507246377
1,T-Killer,0,0.0
2,T-Reg,0,0.0
3,T-Helper,55,79.71014492753623
