,cell_type,count,percentage
0,CD68,1,2.7027027027027026
1,T-Killer,0,0.0
2,T-Reg,0,0.0
3,T-Helper,36,97.2972972972973
