,cell_type,count,percentage,region
0,CD68,20,17.094017094017094,1
1,T-Killer,0,0.0,1
2,T-Reg,11,9.401709401709402,1
3,T-Helper,86,73.50427350427351,1
