,cell_type,count,percentage,region
0,CD68,2,3.571428571428571,9
1,T-Killer,0,0.0,9
2,T-Reg,16,28.57142857142857,9
3,T-Helper,38,67.85714285714286,9
