,cell_type,count,percentage,region,layer
0,CD68,1,3.4482758620689653,8,22
1,T-Killer,0,0.0,8,22
2,T-Reg,0,0.0,8,22
3,T-Helper,28,96.55172413793103,8,22
