,cell_type,count,percentage
0,CD68,1,2.380952380952381
1,T-Killer,0,0.0
2,T-Reg,0,0.0
3,T-Helper,41,97.61904761904762
