,cell_type,count,percentage,region
0,CD68,6,10.16949152542373,region10
1,T-Killer,2,3.389830508474576,region10
2,T-Reg,3,5.084745762711865,region10
3,T-Helper,48,81.35593220338984,region10
