,cell_type,count,percentage
0,CD68,1,1.0526315789473684
1,T-Killer,0,0.0
2,T-Reg,0,0.0
3,T-Helper,94,98.94736842105263
