,cell_type,count,percentage,region
0,CD68,14,27.450980392156865,region1
1,T-Killer,0,0.0,region1
2,T-Reg,10,19.607843137254903,region1
3,T-Helper,27,52.94117647058824,region1
