,cell_type,count,percentage,region,layer
0,CD68,2,16.666666666666664,2,11
1,T-Killer,0,0.0,2,11
2,T-Reg,0,0.0,2,11
3,T-Helper,10,83.33333333333334,2,11
