,cell_type,count,percentage,region
0,CD68,6,33.33333333333333,region10
1,T-Killer,1,5.555555555555555,region10
2,T-Reg,0,0.0,region10
3,T-Helper,11,61.111111111111114,region10
