,cell_type,count,percentage
0,CD68,20,17.391304347826086
1,T-Killer,0,0.0
2,T-Reg,0,0.0
3,T-Helper,95,82.6086956521739
