,cell_type,count,percentage,region
0,CD68,3,13.043478260869565,11
1,T-Killer,0,0.0,11
2,T-Reg,6,26.08695652173913,11
3,T-Helper,14,60.86956521739131,11
