,cell_type,count,percentage
0,CD68,1,3.7037037037037033
1,T-Killer,0,0.0
2,T-Reg,0,0.0
3,T-Helper,26,96.29629629629629
