,cell_type,count,percentage
0,CD68,1,2.857142857142857
1,T-Killer,0,0.0
2,T-Reg,0,0.0
3,T-Helper,34,97.14285714285714
