,cell_type,count,percentage,region
0,CD68,1,1.7241379310344827,7
1,T-Killer,0,0.0,7
2,T-Reg,0,0.0,7
3,T-Helper,57,98.27586206896551,7
