,cell_type,count,percentage
0,CD68,2,28.57142857142857
1,T-Killer,0,0.0
2,T-Reg,0,0.0
3,T-Helper,5,71.42857142857143
