,cell_type,count,percentage
0,CD68,2,2.73972602739726
1,T-Killer,1,1.36986301369863
2,T-Reg,0,0.0
3,T-Helper,70,95.8904109589041
