,cell_type,count,percentage
0,CD68,1,2.631578947368421
1,T-Killer,0,0.0
2,T-Reg,0,0.0
3,T-Helper,37,97.36842105263158
