,cell_type,count,percentage,region,layer
0,CD68,7,9.45945945945946,11,2
1,T-Killer,0,0.0,11,2
2,T-Reg,0,0.0,11,2
3,T-Helper,67,90.54054054054053,11,2
