,cell_type,count,percentage
0,CD68,1,0.9433962264150944
1,T-Killer,2,1.8867924528301887
2,T-Reg,0,0.0
3,T-Helper,103,97.16981132075472
