,cell_type,count,percentage
0,CD68,2,2.247191011235955
1,T-Killer,0,0.0
2,T-Reg,21,23.595505617977526
3,T-Helper,66,74.15730337078652
