,cell_type,count,percentage
0,CD68,18,17.475728155339805
1,T-Killer,2,1.9417475728155338
2,T-Reg,0,0.0
3,T-Helper,83,80.58252427184466
