,cell_type,count,percentage
0,CD68,5,5.813953488372093
1,T-Killer,5,5.813953488372093
2,T-Reg,0,0.0
3,T-Helper,76,88.37209302325581
