,cell_type,count,percentage,region,layer
0,CD68,2,5.263157894736842,4,11
1,T-Killer,0,0.0,4,11
2,T-Reg,0,0.0,4,11
3,T-Helper,36,94.73684210526315,4,11
