,cell_type,count,percentage,region,layer
0,CD68,1,2.0408163265306123,8,21
1,T-Killer,0,0.0,8,21
2,T-Reg,0,0.0,8,21
3,T-Helper,48,97.95918367346938,8,21
