,cell_type,count,percentage
0,CD68,1,0.6756756756756757
1,T-Killer,6,4.054054054054054
2,T-Reg,0,0.0
3,T-Helper,141,95.27027027027027
