,cell_type,count,percentage
0,CD68,3,8.108108108108109
1,T-Killer,0,0.0
2,T-Reg,0,0.0
3,T-Helper,34,91.8918918918919
