,cell_type,count,percentage
0,CD68,6,16.216216216216218
1,T-Killer,0,0.0
2,T-Reg,0,0.0
3,T-Helper,31,83.78378378378379
