,cell_type,count,percentage
0,CD68,3,4.545454545454546
1,T-Killer,0,0.0
2,T-Reg,0,0.0
3,T-Helper,63,95.45454545454545
