,cell_type,count,percentage,region,layer
0,CD68,1,16.666666666666664,3,19
1,T-Killer,0,0.0,3,19
2,T-Reg,0,0.0,3,19
3,T-Helper,5,83.33333333333334,3,19
