,cell_type,count,percentage,region,layer
0,CD68,6,33.33333333333333,10,12
1,T-Killer,1,5.555555555555555,10,12
2,T-Reg,0,0.0,10,12
3,T-Helper,11,61.111111111111114,10,12
