,cell_type,count,percentage
0,CD68,7,5.982905982905983
1,T-Killer,1,0.8547008547008548
2,T-Reg,13,11.11111111111111
3,T-Helper,96,82.05128205128204
