,cell_type,count,percentage,region,layer
0,CD68,7,10.294117647058822,1,11
1,T-Killer,0,0.0,1,11
2,T-Reg,12,17.647058823529413,1,11
3,T-Helper,49,72.05882352941177,1,11
