,cell_type,count,percentage
0,CD68,7,9.45945945945946
1,T-Killer,0,0.0
2,T-Reg,0,0.0
3,T-Helper,67,90.54054054054053
