,cell_type,count,percentage,region
0,CD68,9,5.389221556886228,5
1,T-Killer,0,0.0,5
2,T-Reg,93,55.688622754491014,5
3,T-Helper,65,38.92215568862276,5
