,cell_type,count,percentage
0,CD68,1,1.6129032258064515
1,T-Killer,0,0.0
2,T-Reg,0,0.0
3,T-Helper,61,98.38709677419355
