,cell_type,count,percentage,region
0,CD68,1,1.0752688172043012,region7
1,T-Killer,0,0.0,region7
2,T-Reg,28,30.107526881720432,region7
3,T-Helper,64,68.81720430107528,region7
