,cell_type,count,percentage,region
0,CD68,3,2.8846153846153846,2
1,T-Killer,0,0.0,2
2,T-Reg,0,0.0,2
3,T-Helper,101,97.11538461538461,2
