,cell_type,count,percentage,region
0,CD68,3,13.043478260869565,region5
1,T-Killer,1,4.3478260869565215,region5
2,T-Reg,3,13.043478260869565,region5
3,T-Helper,16,69.56521739130434,region5
