,cell_type,count,percentage
0,CD68,1,0.9615384615384616
1,T-Killer,8,7.6923076923076925
2,T-Reg,18,17.307692307692307
3,T-Helper,77,74.03846153846155
