,cell_type,count,percentage,region,layer
0,CD68,1,1.8181818181818181,8,13
1,T-Killer,0,0.0,8,13
2,T-Reg,0,0.0,8,13
3,T-Helper,54,98.18181818181819,8,13
