,cell_type,count,percentage,region,layer
0,CD68,1,2.380952380952381,8,16
1,T-Killer,0,0.0,8,16
2,T-Reg,0,0.0,8,16
3,T-Helper,41,97.61904761904762,8,16
