,cell_type,count,percentage
0,CD68,8,5.369127516778524
1,T-Killer,0,0.0
2,T-Reg,55,36.91275167785235
3,T-Helper,86,57.71812080536913
