,cell_type,count,percentage,region
0,CD68,20,17.391304347826086,5
1,T-Killer,0,0.0,5
2,T-Reg,0,0.0,5
3,T-Helper,95,82.6086956521739,5
