,cell_type,count,percentage
0,CD68,3,10.714285714285714
1,T-Killer,3,10.714285714285714
2,T-Reg,0,0.0
3,T-Helper,22,78.57142857142857
