,cell_type,count,percentage
0,CD68,2,1.8181818181818181
1,T-Killer,0,0.0
2,T-Reg,0,0.0
3,T-Helper,108,98.18181818181819
