,cell_type,count,percentage,region,layer
0,CD68,7,5.64516129032258,9,22
1,T-Killer,8,6.451612903225806,9,22
2,T-Reg,0,0.0,9,22
3,T-Helper,109,87.90322580645162,9,22
