,cell_type,count,percentage
0,CD68,1,7.6923076923076925
1,T-Killer,0,0.0
2,T-Reg,0,0.0
3,T-Helper,12,92.3076923076923
