,cell_type,count,percentage
0,CD68,4,3.10077519379845
1,T-Killer,0,0.0
2,T-Reg,0,0.0
3,T-Helper,125,96.89922480620154
