,cell_type,count,percentage,region
0,CD68,1,0.2583979328165375,4
1,T-Killer,0,0.0,4
2,T-Reg,277,71.57622739018088,4
3,T-Helper,109,28.165374677002585,4
