,cell_type,count,percentage
0,CD68,1,2.2222222222222223
1,T-Killer,0,0.0
2,T-Reg,3,6.666666666666667
3,T-Helper,41,91.11111111111111
