,cell_type,count,percentage,region,layer
0,CD68,7,3.954802259887006,11,4
1,T-Killer,0,0.0,11,4
2,T-Reg,0,0.0,11,4
3,T-Helper,170,96.045197740113,11,4
