,cell_type,count,percentage
0,CD68,2,2.666666666666667
1,T-Killer,0,0.0
2,T-Reg,0,0.0
3,T-Helper,73,97.33333333333334
