,cell_type,count,percentage,region,layer
0,CD68,5,71.42857142857143,11,19
1,T-Killer,0,0.0,11,19
2,T-Reg,0,0.0,11,19
3,T-Helper,2,28.57142857142857,11,19
