,cell_type,count,percentage,region,layer
0,CD68,1,0.7518796992481203,8,14
1,T-Killer,0,0.0,8,14
2,T-Reg,0,0.0,8,14
3,T-Helper,132,99.24812030075188,8,14
