,cell_type,count,percentage,region,layer
0,CD68,1,1.694915254237288,3,11
1,T-Killer,0,0.0,3,11
2,T-Reg,0,0.0,3,11
3,T-Helper,58,98.30508474576271,3,11
