,cell_type,count,percentage,region,layer
0,CD68,2,2.4390243902439024,9,16
1,T-Killer,0,0.0,9,16
2,T-Reg,0,0.0,9,16
3,T-Helper,80,97.5609756097561,9,16
