,cell_type,count,percentage,region
0,CD68,7,6.086956521739131,5
1,T-Killer,18,15.65217391304348,5
2,T-Reg,0,0.0,5
3,T-Helper,90,78.26086956521739,5
