,cell_type,count,percentage,region
0,CD68,2,1.8181818181818181,region8
1,T-Killer,1,0.9090909090909091,region8
2,T-Reg,16,14.545454545454545,region8
3,T-Helper,91,82.72727272727273,region8
