,cell_type,count,percentage
0,CD68,104,96.29629629629629
1,T-Killer,0,0.0
2,T-Reg,1,0.9259259259259258
3,T-Helper,3,2.7777777777777777
