,cell_type,count,percentage,region,layer
0,CD68,1,1.1904761904761905,9,20
1,T-Killer,0,0.0,9,20
2,T-Reg,0,0.0,9,20
3,T-Helper,83,98.80952380952381,9,20
