,cell_type,count,percentage,region
0,CD68,18,17.475728155339805,5
1,T-Killer,2,1.9417475728155338,5
2,T-Reg,0,0.0,5
3,T-Helper,83,80.58252427184466,5
