,cell_type,count,percentage,region,layer
0,CD68,3,8.108108108108109,8,18
1,T-Killer,0,0.0,8,18
2,T-Reg,0,0.0,8,18
3,T-Helper,34,91.8918918918919,8,18
