,cell_type,count,percentage,region
0,CD68,1,2.2222222222222223,2
1,T-Killer,0,0.0,2
2,T-Reg,0,0.0,2
3,T-Helper,44,97.77777777777777,2
