,cell_type,count,percentage
0,CD68,1,4.3478260869565215
1,T-Killer,0,0.0
2,T-Reg,0,0.0
3,T-Helper,22,95.65217391304348
