,cell_type,count,percentage,region,layer
0,CD68,2,2.0618556701030926,5,21
1,T-Killer,0,0.0,5,21
2,T-Reg,0,0.0,5,21
3,T-Helper,95,97.9381443298969,5,21
