,cell_type,count,percentage,region
0,CD68,1,0.7751937984496124,region7
1,T-Killer,0,0.0,region7
2,T-Reg,33,25.581395348837212,region7
3,T-Helper,95,73.64341085271317,region7
