,cell_type,count,percentage,region,layer
0,CD68,1,2.380952380952381,7,16
1,T-Killer,0,0.0,7,16
2,T-Reg,36,85.71428571428571,7,16
3,T-Helper,5,11.904761904761903,7,16
