,cell_type,count,percentage
0,CD68,7,3.954802259887006
1,T-Killer,0,0.0
2,T-Reg,0,0.0
3,T-Helper,170,96.045197740113
