,cell_type,count,percentage,region,layer
0,CD68,8,5.369127516778524,3,18
1,T-Killer,0,0.0,3,18
2,T-Reg,55,36.91275167785235,3,18
3,T-Helper,86,57.71812080536913,3,18
