,cell_type,count,percentage
0,CD68,3,2.2222222222222223
1,T-Killer,0,0.0
2,T-Reg,0,0.0
3,T-Helper,132,97.77777777777777
