,cell_type,count,percentage
0,CD68,7,7.07070707070707
1,T-Killer,2,2.0202020202020203
2,T-Reg,0,0.0
3,T-Helper,90,90.9090909090909
