,cell_type,count,percentage,region,layer
0,CD68,1,1.0416666666666665,5,22
1,T-Killer,0,0.0,5,22
2,T-Reg,0,0.0,5,22
3,T-Helper,95,98.95833333333334,5,22
