,cell_type,count,percentage
0,CD68,3,13.043478260869565
1,T-Killer,1,4.3478260869565215
2,T-Reg,3,13.043478260869565
3,T-Helper,16,69.56521739130434
