,cell_type,count,percentage
0,CD68,1,16.666666666666664
1,T-Killer,0,0.0
2,T-Reg,0,0.0
3,T-Helper,5,83.33333333333334
