,cell_type,count,percentage,region,layer
0,CD68,2,16.666666666666664,2,13
1,T-Killer,0,0.0,2,13
2,T-Reg,10,83.33333333333334,2,13
3,T-Helper,0,0.0,2,13
