,cell_type,count,percentage
0,CD68,1,1.0416666666666665
1,T-Killer,0,0.0
2,T-Reg,0,0.0
3,T-Helper,95,98.95833333333334
