,cell_type,count,percentage
0,CD68,1,1.0752688172043012
1,T-Killer,0,0.0
2,T-Reg,28,30.107526881720432
3,T-Helper,64,68.81720430107528
