,cell_type,count,percentage
0,CD68,1,1.5151515151515151
1,T-Killer,0,0.0
2,T-Reg,1,1.5151515151515151
3,T-Helper,64,96.96969696969697
