,cell_type,count,percentage
0,CD68,2,2.0618556701030926
1,T-Killer,0,0.0
2,T-Reg,0,0.0
3,T-Helper,95,97.9381443298969
