,cell_type,count,percentage,region
0,CD68,7,10.294117647058822,1
1,T-Killer,0,0.0,1
2,T-Reg,12,17.647058823529413,1
3,T-Helper,49,72.05882352941177,1
