,cell_type,count,percentage,region,layer
0,CD68,1,7.6923076923076925,7,19
1,T-Killer,0,0.0,7,19
2,T-Reg,0,0.0,7,19
3,T-Helper,12,92.3076923076923,7,19
