,cell_type,count,percentage,region,layer
0,CD68,1,0.8130081300813009,5,17
1,T-Killer,0,0.0,5,17
2,T-Reg,0,0.0,5,17
3,T-Helper,122,99.1869918699187,5,17
