,cell_type,count,percentage,region,layer
0,CD68,14,27.450980392156865,1,18
1,T-Killer,0,0.0,1,18
2,T-Reg,10,19.607843137254903,1,18
3,T-Helper,27,52.94117647058824,1,18
