,cell_type,count,percentage,region
0,CD68,2,2.73972602739726,2
1,T-Killer,1,1.36986301369863,2
2,T-Reg,0,0.0,2
3,T-Helper,70,95.8904109589041,2
