,cell_type,count,percentage,region,layer
0,CD68,3,0.9966777408637874,11,14
1,T-Killer,0,0.0,11,14
2,T-Reg,0,0.0,11,14
3,T-Helper,298,99.00332225913621,11,14
