,cell_type,count,percentage
0,CD68,4,9.30232558139535
1,T-Killer,0,0.0
2,T-Reg,0,0.0
3,T-Helper,39,90.69767441860465
