,cell_type,count,percentage
0,CD68,1,1.1904761904761905
1,T-Killer,0,0.0
2,T-Reg,0,0.0
3,T-Helper,83,98.80952380952381
