,cell_type,count,percentage
0,CD68,1,3.4482758620689653
1,T-Killer,0,0.0
2,T-Reg,0,0.0
3,T-Helper,28,96.55172413793103
