,cell_type,count,percentage,region,layer
0,CD68,7,6.666666666666667,10,3
1,T-Killer,0,0.0,10,3
2,T-Reg,0,0.0,10,3
3,T-Helper,98,93.33333333333333,10,3
