,cell_type,count,percentage
0,CD68,7,7.291666666666667
1,T-Killer,8,8.333333333333332
2,T-Reg,0,0.0
3,T-Helper,81,84.375
