,cell_type,count,percentage,region
0,CD68,5,17.24137931034483,7
1,T-Killer,1,3.4482758620689653,7
2,T-Reg,1,3.4482758620689653,7
3,T-Helper,22,75.86206896551724,7
