,cell_type,count,percentage,region,layer
0,CD68,9,5.389221556886228,5,18
1,T-Killer,0,0.0,5,18
2,T-Reg,93,55.688622754491014,5,18
3,T-Helper,65,38.92215568862276,5,18
