,cell_type,count,percentage,region,layer
0,CD68,9,7.258064516129033,3,7
1,T-Killer,6,4.838709677419355,3,7
2,T-Reg,0,0.0,3,7
3,T-Helper,109,87.90322580645162,3,7
