,cell_type,count,percentage
0,CD68,8,9.411764705882353
1,T-Killer,0,0.0
2,T-Reg,0,0.0
3,T-Helper,77,90.58823529411765
