,cell_type,count,percentage,region
0,CD68,1,2.941176470588235,4
1,T-Killer,0,0.0,4
2,T-Reg,10,29.411764705882355,4
3,T-Helper,23,67.64705882352942,4
