,cell_type,count,percentage,region,layer
0,CD68,1,33.33333333333333,11,18
1,T-Killer,0,0.0,11,18
2,T-Reg,0,0.0,11,18
3,T-Helper,2,66.66666666666666,11,18
