,cell_type,count,percentage,region
0,CD68,37,23.717948717948715,region4
1,T-Killer,29,18.58974358974359,region4
2,T-Reg,24,15.384615384615385,region4
3,T-Helper,66,42.30769230769231,region4
