,cell_type,count,percentage,region
0,CD68,1,1.5151515151515151,4
1,T-Killer,0,0.0,4
2,T-Reg,1,1.5151515151515151,4
3,T-Helper,64,96.96969696969697,4
