,cell_type,count,percentage
0,CD68,1,0.819672131147541
1,T-Killer,0,0.0
2,T-Reg,0,0.0
3,T-Helper,121,99.18032786885246
