,cell_type,count,percentage
0,CD68,1,0.7246376811594203
1,T-Killer,2,1.4492753623188406
2,T-Reg,12,8.695652173913043
3,T-Helper,123,89.13043478260869
