,cell_type,count,percentage,region,layer
0,CD68,3,2.2222222222222223,11,9
1,T-Killer,0,0.0,11,9
2,T-Reg,0,0.0,11,9
3,T-Helper,132,97.77777777777777,11,9
