,cell_type,count,percentage,region
0,CD68,1,9.090909090909092,4
1,T-Killer,0,0.0,4
2,T-Reg,2,18.181818181818183,4
3,T-Helper,8,72.72727272727273,4
