,cell_type,count,percentage
0,CD68,5,9.433962264150944
1,T-Killer,0,0.0
2,T-Reg,0,0.0
3,T-Helper,48,90.56603773584906
