,cell_type,count,percentage,region,layer
0,CD68,3,4.545454545454546,11,0
1,T-Killer,0,0.0,11,0
2,T-Reg,0,0.0,11,0
3,T-Helper,63,95.45454545454545,11,0
