,cell_type,count,percentage
0,CD68,5,4.504504504504505
1,T-Killer,0,0.0
2,T-Reg,0,0.0
3,T-Helper,106,95.4954954954955
