,cell_type,count,percentage
0,CD68,1,0.8928571428571428
1,T-Killer,0,0.0
2,T-Reg,0,0.0
3,T-Helper,111,99.10714285714286
