,cell_type,count,percentage,region
0,CD68,18,18.75,region5
1,T-Killer,2,2.083333333333333,region5
2,T-Reg,5,5.208333333333334,region5
3,T-Helper,71,73.95833333333334,region5
