,cell_type,count,percentage,region
0,CD68,3,3.3707865168539324,region4
1,T-Killer,2,2.247191011235955,region4
2,T-Reg,18,20.224719101123593,region4
3,T-Helper,66,74.15730337078652,region4
