,cell_type,count,percentage,region
0,CD68,3,10.714285714285714,1
1,T-Killer,3,10.714285714285714,1
2,T-Reg,0,0.0,1
3,T-Helper,22,78.57142857142857,1
