,cell_type,count,percentage,region
0,CD68,7,3.954802259887006,11
1,T-Killer,0,0.0,11
2,T-Reg,0,0.0,11
3,T-Helper,170,96.045197740113,11
