,cell_type,count,percentage,region
0,CD68,3,4.545454545454546,11
1,T-Killer,0,0.0,11
2,T-Reg,0,0.0,11
3,T-Helper,63,95.45454545454545,11
