,cell_type,count,percentage,region
0,CD68,2,1.550387596899225,9
1,T-Killer,0,0.0,9
2,T-Reg,0,0.0,9
3,T-Helper,127,98.44961240310077,9
