,cell_type,count,percentage,region
0,CD68,2,1.4184397163120568,region11
1,T-Killer,26,18.439716312056735,region11
2,T-Reg,15,10.638297872340425,region11
3,T-Helper,98,69.50354609929079,region11
