,cell_type,count,percentage,region,layer
0,CD68,47,55.952380952380956,5,5
1,T-Killer,0,0.0,5,5
2,T-Reg,0,0.0,5,5
3,T-Helper,37,44.047619047619044,5,5
