"","cell_type","count","percentage"
"1","Endothelial",48166,8.23513722379139
"2","Epithelial",282065,48.2258020393787
"3","Immune",229436,39.2276075255948
"4","Stroma",25217,4.31145321123505
