cell_type,count,percentage
Astro,396,7.92158
Endo,8,0.160032
L2/3 IT,500,10.0020
L5 IT,1739,34.7870
L5/6 NP,12,0.240048
L6 CT,16,0.320064
L6 IT,10,0.200040
L6 IT Car3,27,0.540108
L6b,8,0.160032
Lamp5,380,7.60152
Micro-PVM,80,1.60032
Oligo,817,16.3433
OPC,87,1.74035
Pvalb,147,2.94059
Sncg,44,0.880176
Sst,102,2.04041
Sst Chodl,17,0.340068
Vip,563,11.2623
VLMC,46,0.920184