cell_type,count,percentage
Astro,253,4.81538
Endo,12,0.228397
L2/3 IT,112,2.13171
L5/6 NP,13,0.247431
Lamp5,27,0.513894
Micro-PVM,228,4.33955
Oligo,4220,80.3198
OPC,165,3.14046
Pvalb,86,1.63685
Sncg,15,0.285497
Sst Chodl,28,0.532927
Vip,62,1.18005
VLMC,33,0.628093