cell_type,count,percentage
Astro,673,10.0358
Endo,9,0.134208
L2/3 IT,3073,45.8246
L5 IT,4,0.0596481
L5/6 NP,1582,23.5908
Micro-PVM,127,1.89383
Oligo,373,5.56218
OPC,339,5.05517
Pvalb,130,1.93856
Sncg,64,0.954369
Sst Chodl,42,0.626305
Vip,228,3.39994
VLMC,62,0.924545