cell_type,count,percentage
Astro,525,11.6719
Endo,8,0.177857
L2/3 IT,752,16.7185
Micro-PVM,105,2.33437
Oligo,226,5.02446
OPC,147,3.26812
Pvalb,75,1.66741
Sst Chodl,10,0.222321
Vip,2612,58.0703
VLMC,38,0.844820