cell_type,count,percentage
Astro,966,11.9171
Endo,55,0.678510
L2/3 IT,2120,26.1535
L5 IT,1919,23.6738
L5/6 NP,569,7.01949
Micro-PVM,293,3.61461
Oligo,626,7.72267
OPC,455,5.61313
Pvalb,39,0.481125
Sncg,18,0.222058
Vip,964,11.8924
VLMC,82,1.01160