cell_type,count,percentage
Astro,890,12.5760
Endo,48,0.678253
L2/3 IT,94,1.32825
L5 IT,4044,57.1429
L5/6 NP,1,0.0141303
Micro-PVM,100,1.41303
Oligo,343,4.84669
OPC,341,4.81843
Pvalb,248,3.50431
Sst Chodl,33,0.466299
Vip,771,10.8944
VLMC,164,2.31737