cell_type,count,percentage
Astro,386,3.96019
Endo,138,1.41582
L2/3 IT,2049,21.0219
L5 ET,4339,44.5163
L6 IT Car3,20,0.205191
Lamp5,385,3.94993
Micro-PVM,219,2.24685
Oligo,749,7.68442
OPC,142,1.45686
Pvalb,191,1.95958
Sncg,224,2.29814
Sst,280,2.87268
Sst Chodl,4,0.0410383
Vip,613,6.28911
VLMC,8,0.0820765