cell_type,count,percentage
Astro,793,10.4894
Endo,18,0.238095
L2/3 IT,2546,33.6772
L5 IT,2414,31.9312
L5/6 NP,30,0.396825
Micro-PVM,176,2.32804
Oligo,450,5.95238
OPC,319,4.21958
Pvalb,74,0.978836
Sncg,27,0.357143
Sst Chodl,3,0.0396825
Vip,617,8.16138
VLMC,93,1.23016