cell_type,count,percentage
Astro,565,9.75147
Endo,26,0.448740
L2/3 IT,3432,59.2337
L5 IT,63,1.08733
L5/6 NP,300,5.17777
Micro-PVM,158,2.72696
Oligo,340,5.86814
OPC,239,4.12496
Pvalb,89,1.53607
Vip,484,8.35347
VLMC,98,1.69140