cell_type,count,percentage
Astro,705,9.74026
Endo,127,1.75463
L2/3 IT,1367,18.8864
Micro-PVM,4713,65.1147
Oligo,6,0.0828958
VLMC,320,4.42111