cell_type,count,percentage
Astro,155,2.46345
Endo,169,2.68595
L5 IT,5933,94.2943
Micro-PVM,13,0.206612
Oligo,5,0.0794660
VLMC,17,0.270184