cell_type,count,percentage
Astro,290,5.72105
Endo,48,0.946932
L2/3 IT,4521,89.1892
Micro-PVM,149,2.93944
Oligo,1,0.0197278
VLMC,60,1.18367