cell_type,count,percentage
Astro,123,1.96078
Endo,170,2.71003
L5 IT,5912,94.2452
Micro-PVM,14,0.223179
Oligo,3,0.0478240
VLMC,51,0.813008