cell_type,count,percentage
Astro,1158,12.7646
Endo,56,0.617284
L2/3 IT,7304,80.5115
Micro-PVM,13,0.143298
VLMC,541,5.96340