cell_type,count,percentage
Astro,638,7.25495
Endo,88,1.00068
L5 IT,7921,90.0728
Micro-PVM,16,0.181942
OPC,25,0.284285
VLMC,106,1.20537