cell_type,count,percentage
Astro,767,10.5925
Endo,50,0.690512
L5 IT,6201,85.6373
Micro-PVM,28,0.386687
Oligo,6,0.0828615
VLMC,189,2.61014