cell_type,count,percentage
Astro,1173,17.5232
Endo,423,6.31909
L5 IT,4662,69.6445
Micro-PVM,183,2.73379
Oligo,6,0.0896325
VLMC,247,3.68987