cell_type,count,percentage
Astro,1421,15.5368
Endo,66,0.721627
L5 IT,7238,79.1384
Micro-PVM,10,0.109337
VLMC,411,4.49377