cell_type,count,percentage
Astro,550,6.26495
Endo,199,2.26677
L5 IT,7962,90.6937
Micro-PVM,15,0.170862
OPC,22,0.250598
VLMC,31,0.353115