cell_type,count,percentage
Astro,160,3.51726
Endo,50,1.09914
L5 IT,3863,84.9198
Micro-PVM,339,7.45219
VLMC,137,3.01165