cell_type,count,percentage
Astro,197,8.95862
Endo,318,14.4611
L2/3 IT,1649,74.9886
Micro-PVM,31,1.40973
VLMC,4,0.181901