cell_type,count,percentage
Astro,192,6.93141
Endo,12,0.433213
L2/3 IT,1453,52.4549
Micro-PVM,1006,36.3177
VLMC,107,3.86282