cell_type,count,percentage
Astro,306,9.06667
Endo,118,3.49630
L6 CT,88,2.60741
Micro-PVM,2862,84.8000
VLMC,1,0.0296296