cell_type,count,percentage
Astro,1883,26.3873
Endo,225,3.15303
L2/3 IT,5017,70.3055
Micro-PVM,9,0.126121
VLMC,2,0.0280269