cell_type,count,percentage
Astro,182,1.20283
Endo,4,0.0264358
L2/3 IT,1478,9.76803
L5 IT,13084,86.4715
Micro-PVM,38,0.251140
Oligo,11,0.0726984
OPC,74,0.489062
Vip,56,0.370101
VLMC,204,1.34823