cell_type,count,percentage
Astro,808,9.33457
Endo,43,0.496765
L2/3 IT,60,0.693161
Micro-PVM,7725,89.2445
OPC,1,0.0115527
VLMC,19,0.219501