cell_type,count,percentage
Astro,1322,23.8671
Endo,194,3.50244
L5 IT,3686,66.5463
Micro-PVM,91,1.64290
Oligo,54,0.974905
OPC,129,2.32894
VLMC,63,1.13739