cell_type,count,percentage
Astro,65,0.383097
Endo,14,0.0825131
L5 IT,16649,98.1258
Micro-PVM,63,0.371309
Oligo,19,0.111982
OPC,150,0.884069
VLMC,7,0.0412566