cell_type,count,percentage
Astro,512,5.50419
Endo,33,0.354762
L2/3 IT,8711,93.6465
Micro-PVM,35,0.376263
VLMC,11,0.118254