cell_type,count,percentage
Astro,97,1.10077
Endo,208,2.36042
L5 IT,8445,95.8352
Micro-PVM,18,0.204267
OPC,28,0.317749
VLMC,16,0.181571