cell_type,count,percentage
Astro,2303,51.6831
Endo,8,0.179533
L5 IT,1251,28.0745
Micro-PVM,327,7.33842
Oligo,56,1.25673
OPC,510,11.4452
VLMC,1,0.0224417