cell_type,count,percentage
Astro,70,1.49286
Endo,245,5.22499
L2/3 IT,769,16.4001
L5 IT,680,14.5020
Micro-PVM,2925,62.3800