cell_type,count,percentage
Astro,1355,41.2732
Endo,551,16.7834
L5 IT,85,2.58910
Micro-PVM,1026,31.2519
Oligo,35,1.06610
OPC,167,5.08681
VLMC,64,1.94944