cell_type,count,percentage
Astro,196,2.23923
Endo,31,0.354164
L2/3 IT,6688,76.4081
Micro-PVM,1834,20.9528
Oligo,1,0.0114247
VLMC,3,0.0342740