cell_type,count,percentage
Astro,436,6.40705
Endo,178,2.61572
L5 IT,6095,89.5665
Micro-PVM,16,0.235121
VLMC,80,1.17561