cell_type,count,percentage
Astro,25,1.43596
Endo,9,0.516944
Micro-PVM,14,0.804136
OPC,28,1.60827
Vip,1664,95.5773
VLMC,1,0.0574383