cell_type,count,percentage
Astro,186,4.75703
Endo,322,8.23529
L2/3 IT,3139,80.2813
Micro-PVM,21,0.537084
OPC,12,0.306905
Vip,227,5.80563
VLMC,3,0.0767263