cell_type,count,percentage
Astro,373,8.73332
Endo,2487,58.2299
Micro-PVM,6,0.140482
OPC,17,0.398033
VLMC,1388,32.4982