cell_type,count,percentage
Astro,710,15.1872
Endo,44,0.941176
Micro-PVM,11,0.235294
Oligo,2,0.0427807
OPC,35,0.748663
Vip,3465,74.1176
VLMC,408,8.72727