cell_type,count,percentage
Astro,1528,6.96572
Endo,443,2.01951
L5 IT,19677,89.7019
Micro-PVM,281,1.28100
VLMC,7,0.0319110