cell_type,count,percentage
Astro,1609,26.2009
Endo,28,0.455952
L5 IT,3362,54.7468
Micro-PVM,166,2.70314
Oligo,52,0.846768
OPC,473,7.70233
VLMC,451,7.34408