cell_type,count,percentage
Astro,586,3.69483
Endo,125,0.788146
L2/3 IT,10704,67.4905
Micro-PVM,4413,27.8247
OPC,4,0.0252207
VLMC,28,0.176545