cell_type,count,percentage
Astro,189,1.87947
Endo,70,0.696102
L2/3 IT,7434,73.9260
Micro-PVM,2363,23.4984