cell_type,count,percentage
Astro,820,3.43240
Endo,23,0.0962746
L2/3 IT,17532,73.3864
L5 IT,4084,17.0950
Micro-PVM,750,3.13939
Oligo,106,0.443700
OPC,389,1.62830
VLMC,186,0.778568