cell_type,count,percentage
Astro,3513,38.5324
Endo,385,4.22288
L5 IT,3603,39.5196
Micro-PVM,571,6.26303
Oligo,4,0.0438741
OPC,667,7.31600
VLMC,374,4.10223