cell_type,count,percentage
Astro,654,6.87047
Endo,330,3.46675
Micro-PVM,611,6.41874
OPC,92,0.966488
Vip,7821,82.1620
VLMC,11,0.115558