cell_type,count,percentage
Astro,701,4.11772
Endo,57,0.334821
L5 IT,14864,87.3120
Micro-PVM,281,1.65061
Oligo,54,0.317199
OPC,771,4.52890
VLMC,296,1.73872