cell_type,count,percentage
Astro,164,1.21626
Endo,353,2.61792
L2/3 IT,12757,94.6084
Micro-PVM,194,1.43874
OPC,15,0.111243
VLMC,1,0.00741620