cell_type,count,percentage
Astro,1203,13.6782
Endo,300,3.41103
L2/3 IT,92,1.04605
L5 IT,5828,66.2649
Micro-PVM,594,6.75384
Oligo,37,0.420694
OPC,711,8.08414
VLMC,30,0.341103