cell_type,count,percentage
Astro,1846,17.5810
Endo,192,1.82857
L5 IT,7837,74.6381
Micro-PVM,249,2.37143
VLMC,376,3.58095