cell_type,count,percentage
Astro,1017,33.1811
Endo,398,12.9853
L5 IT,514,16.7700
Micro-PVM,397,12.9527
Oligo,70,2.28385
OPC,193,6.29690
VLMC,476,15.5302