cell_type,count,percentage
Astro,1075,8.17553
Endo,354,2.69222
L5 IT,11148,84.7821
Micro-PVM,209,1.58947
Oligo,14,0.106472
OPC,123,0.935432
VLMC,226,1.71876