cell_type,count,percentage
Astro,1474,33.7531
Endo,700,16.0293
L5 IT,1128,25.8301
Micro-PVM,302,6.91550
Oligo,79,1.80902
OPC,133,3.04557
VLMC,551,12.6174