cell_type,count,percentage
Astro,821,26.6126
Endo,375,12.1556
L5 IT,452,14.6515
Micro-PVM,375,12.1556
Oligo,101,3.27391
OPC,179,5.80227
VLMC,782,25.3485