cell_type,count,percentage
Astro,1643,22.5780
Endo,319,4.38367
Micro-PVM,5238,71.9802
Oligo,20,0.274839
VLMC,57,0.783290