cell_type,count,percentage
Astro,674,4.44973
Endo,60,0.396118
Micro-PVM,8374,55.2849
Oligo,4,0.0264079
OPC,24,0.158447
VLMC,6011,39.6844