cell_type,count,percentage
Astro,989,7.30590
Endo,41,0.302874
L5 IT,11983,88.5204
Micro-PVM,257,1.89850
Oligo,58,0.428455
OPC,57,0.421068
VLMC,152,1.12285