cell_type,count,percentage
Astro,823,4.85632
Endo,56,0.330442
L5 IT,15293,90.2402
Micro-PVM,181,1.06804
Oligo,1,0.00590075
VLMC,593,3.49914