cell_type,count,percentage
Astro,683,8.91529
Endo,200,2.61063
L5 IT,6445,84.1274
Micro-PVM,63,0.822347
Oligo,22,0.287169
OPC,192,2.50620
VLMC,56,0.730975