cell_type,count,percentage
Astro,499,2.47250
Endo,17,0.0842335
L2/3 IT,7194,35.6456
L5 IT,11881,58.8693
Micro-PVM,90,0.445942
VLMC,501,2.48241