cell_type,count,percentage
Astro,1558,21.2638
Endo,454,6.19626
Micro-PVM,5207,71.0659
Oligo,10,0.136482
OPC,49,0.668759
VLMC,49,0.668759