cell_type,count,percentage
Astro,1024,7.10174
Endo,187,1.29690
L5 IT,12682,87.9534
Micro-PVM,274,1.90027
Oligo,78,0.540953
OPC,57,0.395312
VLMC,117,0.811429