cell_type,count,percentage
Astro,496,2.47715
Endo,22,0.109874
L2/3 IT,15653,78.1751
L5 IT,3400,16.9805
Micro-PVM,82,0.409529
VLMC,370,1.84787