cell_type,count,percentage
Astro,1364,31.0353
Endo,661,15.0398
L5 IT,925,21.0466
Micro-PVM,280,6.37088
Oligo,19,0.432309
OPC,497,11.3083
VLMC,649,14.7668